{
    "config": {
        "exp_name": "SimpleCNN_PACR_Study",
        "seed": 42,
        "deterministic": false,
        "timestamp": "2026-01-14T23:59:28.106337",
        "epochs": 50,
        "batch_size": 1280,
        "save_interval": 10,
        "optimizer": {
            "optimizer_type": "adam",
            "lr": 0.006432784332651384,
            "weight_decay": 0.00008035677372195,
            "momentum": 0.9
        },
        "scheduler": null
    },
    "ainfo": {
        "train_acc": [
            0.1796,
            0.24776,
            0.28904,
            0.30704,
            0.34668,
            0.38734,
            0.41768,
            0.43528,
            0.46268,
            0.48332,
            0.48508,
            0.51908,
            0.52526,
            0.5325,
            0.54732,
            0.5486,
            0.5451,
            0.58242,
            0.57424,
            0.57344,
            0.60108,
            0.59192,
            0.59848,
            0.61368,
            0.61802,
            0.61226,
            0.6232,
            0.62378,
            0.63874,
            0.64206,
            0.64398,
            0.63916,
            0.6493,
            0.65024,
            0.65302,
            0.65328,
            0.64208,
            0.6564,
            0.66848,
            0.65608,
            0.66708,
            0.6719,
            0.67436,
            0.67306,
            0.67022,
            0.68332,
            0.68002,
            0.6791,
            0.69264,
            0.67968
        ],
        "test_acc": [
            0.2148,
            0.3044,
            0.2502,
            0.3408,
            0.3891,
            0.4051,
            0.392,
            0.4646,
            0.4689,
            0.4903,
            0.5041,
            0.5147,
            0.4744,
            0.5265,
            0.5344,
            0.4844,
            0.5488,
            0.5746,
            0.514,
            0.5872,
            0.5933,
            0.5417,
            0.6119,
            0.582,
            0.5727,
            0.5586,
            0.5604,
            0.6339,
            0.6224,
            0.6176,
            0.6088,
            0.628,
            0.6322,
            0.6303,
            0.6115,
            0.6376,
            0.6342,
            0.6642,
            0.6163,
            0.6439,
            0.6392,
            0.6592,
            0.6302,
            0.5742,
            0.6736,
            0.6491,
            0.6774,
            0.6923,
            0.66,
            0.6523
        ]
    },
    "oinfo": {
        "train_acc": [
            0.1743,
            0.22694,
            0.26644,
            0.30354,
            0.3252,
            0.36602,
            0.39968,
            0.4307,
            0.4436,
            0.45414,
            0.4773,
            0.50036,
            0.49234,
            0.51994,
            0.52236,
            0.53476,
            0.53232,
            0.55848,
            0.56338,
            0.55788,
            0.58696,
            0.58204,
            0.5853,
            0.60098,
            0.60118,
            0.60862,
            0.61558,
            0.6238,
            0.63124,
            0.63532,
            0.63722,
            0.64016,
            0.64458,
            0.64818,
            0.64668,
            0.6521,
            0.65316,
            0.65996,
            0.6643,
            0.66642,
            0.6685,
            0.6673,
            0.67436,
            0.67448,
            0.6711,
            0.68664,
            0.685,
            0.6813,
            0.69112,
            0.68276
        ],
        "test_acc": [
            0.2214,
            0.2298,
            0.2557,
            0.2764,
            0.3491,
            0.3945,
            0.3819,
            0.45,
            0.4406,
            0.4571,
            0.4923,
            0.4462,
            0.4973,
            0.5286,
            0.5008,
            0.4936,
            0.5343,
            0.5423,
            0.4553,
            0.5864,
            0.5841,
            0.5597,
            0.6035,
            0.5954,
            0.6072,
            0.6087,
            0.6075,
            0.5949,
            0.6304,
            0.6323,
            0.6182,
            0.6377,
            0.6373,
            0.6118,
            0.6382,
            0.6251,
            0.6314,
            0.6416,
            0.6504,
            0.6617,
            0.6388,
            0.6719,
            0.6094,
            0.5859,
            0.6672,
            0.6622,
            0.6458,
            0.6815,
            0.6527,
            0.6335
        ]
    },
    "lambda_pacr": 0.01
}