{
  "config": {
    "exp_name": "SimpleCNN_PACR_Study",
    "seed": 0,
    "deterministic": false,
    "timestamp": "2026-01-15T13:23:01.872593",
    "epochs": 50,
    "batch_size": 1280,
    "save_interval": 10,
    "optimizer": {
      "optimizer_type": "adam",
      "lr": 0.006432784332651384,
      "weight_decay": 0.00008035677372195,
      "momentum": 0.9
    },
    "scheduler": null
  },
  "ainfo": {
    "train_acc": [
      0.17514,
      0.23276,
      0.29336,
      0.33618,
      0.36872,
      0.39312,
      0.42548,
      0.4523,
      0.47636,
      0.48592,
      0.48634,
      0.51512,
      0.52692,
      0.55234,
      0.54906,
      0.57024,
      0.5821,
      0.5774,
      0.5707,
      0.60396,
      0.6109,
      0.6146,
      0.6294,
      0.6072,
      0.63744,
      0.6524,
      0.65444,
      0.65236,
      0.66292,
      0.65894,
      0.66902,
      0.65848,
      0.67144,
      0.68702,
      0.682,
      0.68328,
      0.6993,
      0.69762,
      0.69046,
      0.69698,
      0.7107,
      0.70486,
      0.71422,
      0.716,
      0.71526,
      0.72606,
      0.71932,
      0.71912,
      0.72748,
      0.72742
    ],
    "test_acc": [
      0.2005,
      0.2621,
      0.311,
      0.3154,
      0.3863,
      0.3378,
      0.4246,
      0.483,
      0.4692,
      0.4995,
      0.491,
      0.5307,
      0.5125,
      0.4764,
      0.5586,
      0.5683,
      0.5241,
      0.4585,
      0.5763,
      0.5971,
      0.5597,
      0.616,
      0.5983,
      0.6101,
      0.6223,
      0.6318,
      0.6148,
      0.6453,
      0.6036,
      0.6533,
      0.6011,
      0.6607,
      0.663,
      0.6543,
      0.6225,
      0.6923,
      0.6648,
      0.5825,
      0.6715,
      0.7021,
      0.6281,
      0.6821,
      0.6783,
      0.6768,
      0.7089,
      0.6833,
      0.6454,
      0.6901,
      0.6817,
      0.7154
    ]
  },
  "oinfo": {
    "train_acc": [
      0.1807,
      0.22386,
      0.27314,
      0.3064,
      0.3385,
      0.37174,
      0.41286,
      0.43542,
      0.46192,
      0.47276,
      0.49482,
      0.50384,
      0.52192,
      0.53156,
      0.53078,
      0.55038,
      0.554,
      0.56578,
      0.56014,
      0.58314,
      0.59008,
      0.57838,
      0.60712,
      0.60854,
      0.61788,
      0.61132,
      0.62242,
      0.63414,
      0.64138,
      0.64588,
      0.65012,
      0.65106,
      0.65198,
      0.66666,
      0.6658,
      0.67512,
      0.67338,
      0.6816,
      0.67596,
      0.68234,
      0.68396,
      0.68314,
      0.69454,
      0.70142,
      0.70222,
      0.71044,
      0.71168,
      0.70698,
      0.71086,
      0.71494
    ],
    "test_acc": [
      0.1938,
      0.2432,
      0.3031,
      0.3173,
      0.3215,
      0.3582,
      0.4096,
      0.4466,
      0.4247,
      0.4687,
      0.4911,
      0.5251,
      0.5146,
      0.4843,
      0.5374,
      0.5081,
      0.5393,
      0.5458,
      0.5318,
      0.556,
      0.5514,
      0.599,
      0.6067,
      0.5945,
      0.557,
      0.6027,
      0.615,
      0.6235,
      0.6252,
      0.5934,
      0.6193,
      0.6562,
      0.659,
      0.5888,
      0.6615,
      0.6328,
      0.6395,
      0.64,
      0.6448,
      0.6457,
      0.6126,
      0.6495,
      0.686,
      0.6766,
      0.6848,
      0.6946,
      0.6407,
      0.6611,
      0.6768,
      0.6887
    ]
  },
  "lambda_pacr": 0.01
}